./inputdata/evaluation_set\A -  2- Bild.txt,./inputdata/evaluation_set\A -  3 - RT Online.txt,./inputdata/evaluation_set\A - 1  - JungeWelt.txt,./inputdata/evaluation_set\B -  1 - Compact.txt,./inputdata/evaluation_set\B - 2 - Bild.txt,./inputdata/evaluation_set\B - 3 - FR.txt,./inputdata/evaluation_set\C - 1 - FR.txt,./inputdata/evaluation_set\C - 2 - PI-News.txt,./inputdata/evaluation_set\C - 3 - Bild.txt,./inputdata/evaluation_set\D - 1 Bild.txt,./inputdata/evaluation_set\D - 2 - FR.txt,./inputdata/evaluation_set\D - 3 - PI-News.txt,./inputdata/evaluation_set\E - 1 - FR.txt,./inputdata/evaluation_set\E - 2 - NachDenkSeiten.txt,./inputdata/evaluation_set\E - 3 - PI-News.txt,./inputdata/evaluation_set\F  - 3 - Bild.txt,./inputdata/evaluation_set\F - 1 - Compact.txt,./inputdata/evaluation_set\F - 2- JW.txt,./inputdata/evaluation_set\G - 1 - FR.txt,./inputdata/evaluation_set\G - 2 - Compact.txt,./inputdata/evaluation_set\G - 3 - Bild.txt,./inputdata/evaluation_set\H - 1  - JW.txt,./inputdata/evaluation_set\H - 2 - PI-News.txt,./inputdata/evaluation_set\I - 1 - JW.txt,./inputdata/evaluation_set\I - 2 - Bild.txt,./inputdata/evaluation_set\I - 3 - FR.txt,./inputdata/evaluation_set\J - 1  - FR.txt,./inputdata/evaluation_set\J - 2 - JW.txt,./inputdata/evaluation_set\J - 3 - Bild.txt,./inputdata/evaluation_set\K - 1- FR.txt,./inputdata/evaluation_set\K - 2 - JW.txt,./inputdata/evaluation_set\L - 1 - JF.txt,./inputdata/evaluation_set\L - 2 - Bild.txt,./inputdata/evaluation_set\L - 3- Compact.txt,./inputdata/evaluation_set\M - 1 - Compact.txt,./inputdata/evaluation_set\M - 2 - PI-News.txt,./inputdata/evaluation_set\N - 1 - Bild.txt,./inputdata/evaluation_set\N - 2 - Bild.txt,./inputdata/evaluation_set\O - 1 - NachDenkSeiten.txt,./inputdata/evaluation_set\O - 2 - Bild.txt,./inputdata/evaluation_set\P - 1 - Compact.txt,./inputdata/evaluation_set\P - 2 - Compact.txt,./inputdata/evaluation_set\Q - 1 - Bild.txt,./inputdata/evaluation_set\Q - 2 - Bild.txt,./inputdata/evaluation_set\Q - 3 - FR.txt
berlin,moerderische,regierungen,mitte,initiative,umstrittene,debatte,nacht,allasane,groessten,fluechtlingspolitik,30jaehrige,monat,samstagvormittag,griechenland,details,wozu,solidaritaet,ali,ausschluss,streit,regen,fuehlt,lager,verurteilungen,streit,eugipfel,rettungsschiffe,januar,hessische,oury,kalkuel,erbitterten,heissen,selbsternannten,ausschluss,reisebussen,teuer,euagentur,biberach,alexander,kanzleramt,muenchen,details,botschaften
mahmud,isbande,eurozone,beteiligung,sahra,bayerische,abschiebepolitik,sonntag,sal,gefuehlten,bayern,afghane,hebt,sprach,insel,abschiebefall,benoetigen,untereinander,mutmassliche,oeffentlichkeit,abschiebechaos,plastik,kopernikus,sperren,strafbefehl,verschaerfung,asylpolitik,open,weltweit,fluechtlingsrat,jalloh,aquarius,asylstreit,ahmed,retter,oeffentlichkeit,erneut,asylverfahren,frontex,junges,van,gestern,allzu,abschiebefall,konsulate
radya,irak,bewilligten,terroristischen,wagenknecht,asyllandesamt,reisst,bemerkte,versuchen,ungerechtigkeiten,gilt,mansor,flughafen,30jaehriger,lesbos,osama,vorkriegundgewaltinihrerheimatgefluechtete,kriegen,moerder,langwierigen,ladens,faellt,galileo,weder,strafanzeigen,asylpolitik,grossen,arms,visa,hfr,spielen,aufgegangen,rechtfertigt,anis,sea,langwierigen,hohe,laenger,aussengrenzen,liegt,bellen,brisanten,strenge,osama,syrienanrainerstaaten
flohen,stroemen,auszahlung,vereinigung,links,verbessert,thema,familienvater,abgelehnte,fluechtlingspolitik,rigoros,wochenende,flieger,afghane,mitternacht,ladens,waffen,eustaaten,vergewaltiger,verlesung,leibwaechter,zelt,galilei,gesteuert,tragisches,regierungskoalition,wohlfahrtsverbaende,astral,familienzusammenfuehrung,schwarzgruenen,justiz,weigert,innenminister,mohammed,watch,verlesung,zahl,monate,abriegelt,blutend,scheint,geheimtreffen,syrische,ladens,verzeichnen
ishochburg,blut,letzten,unbedingter,rechts,ansicht,druck,pluederhausen,tricks,abschiebt,kuerzlich,mitten,ziel,hamburger,uniformierten,leibwaechter,polizeibekannten,schwaechsten,14jaehrigen,anklage,hoert,mitten,erinnert,verhindert,23jaehriger,vorerst,gemeinsam,spanischen,erteilt,landesregierung,politik,mittelmeer,horst,nennen,berlin,anklage,illegalen,dauerte,angela,kinderzimmer,narren,anwesend,kfzmechaniker,leibwaechter,antraege
rakka,niedergekaempft,kredittranche,haft,samstag,ministerpraesident,schneller,badenwuerttemberg,verbrechen,falschen,bayerische,hamburger,passagiere,hauptbahnhof,reihen,ans,multikriminellen,verbuenden,susanna,oeffentlichkeit,druck,lager,oesterreichische,armutszeugnis,afghane,geeinigt,menschenrechts,hilfsorganisation,belegen,deutlich,fluechtling,aufgelesenen,csu,duffy,sea,oeffentlichkeit,einwanderern,bekam,balkanroute,bett,new,person,eigentlich,ans,familiennachzug
lebt,stehen,hoehe,verurteilter,schaltete,markus,haeufiger,vermeintlichen,drohenden,radikaler,fluechtlingsrat,fussgaengerzone,freiwillig,ahrensburg,eng,tageslicht,sofort,wesentliche,mainz,interesse,nrwfluechtlingsminister,klettern,euabgeordnete,begriffe,woche,grossteil,hilfsorganisationen,proactiva,zahlen,transparenz,sierraleone,bootsfluechtlinge,harte,duntu,eye,interesse,fernbussen,zehnkoepfige,deal,messerstich,yorker,eigentlich,beklagen,tageslicht,vertretungen
paar,gutmenschen,milliarden,pakistani,fraktionsvorsitzende,soeder,abschieben,einbrecher,entgehen,islamist,hingewiesen,14jaehriges,bord,folgte,gestellten,anwalt,strafprozess,ergebnis,ueberzeugung,erziehung,joachim,fliegen,claudia,reichten,muenchen,asylsuchenden,verantwortlichen,open,auswaertigen,betrieb,opfer,laender,linie,bombay,regensburg,erziehung,ausland,fluechtlingsfamilie,erdogan,brust,spekulanten,einreisen,haian,anwalt,jordanien
fuenf,bereit,fast,fruehzeitig,linkspartei,csu,zugeben,haus,zeigt,haian,freistaat,vergewaltigt,zuletzt,verwickelte,tische,ausrichten,freien,euasylgipfels,wiesbadener,jugendlichen,stamp,empor,schmidt,schicksalsfrage,genommen,kuenftig,appelliert,arms,amtes,abschiebehafteinrichtung,dessauer,finden,schreckensszenario,blutgruppen,mission,jugendlichen,aufgegriffen,monatlich,de,lebensgefaehrlich,gefressen,naemlich,rief,ausrichten,libanon
kindern,frauen,eiserne,gefaengnis,internetseite,bleibemoeglichkeiten,praxis,zimmer,maschen,kriegsland,bundeslaender,pinews,startete,gespraeche,marschieren,wolle,fuss,besteht,mai,verhandlung,fdp,mohammed,oevp,botschaft,bestaetigte,mittels,schutz,mallorca,aa,landes,polizeirevier,afrikaner,gefragt,kompatibel,lifeline,verhandlung,bildinformationen,staat,facto,verletzt,george,russische,muslime,wolle,irak
wohnheim,kindern,kanzlerin,freikommen,aufstehen,integrationswilligen,fehlern,tochter,kleinere,chancen,krisengebiet,berichtete,dienstag,beischlafanfragen,restaurantgaesten,gerne,namen,abwehr,zweimal,ausgeschlossen,bildinformationen,hamid,veroeffentlicht,fiel,internationale,verstaerkter,mittelpunkt,sonnabend,exklusiv,gefordert,erschreckende,aufnehmen,grund,laenger,dresden,ausgeschlossen,setzten,entsprechender,dicht,fleht,soros,generalstabschef,propagandavideo,gerne,tuerkei
koepenick,schlaechter,berlin,25jaehrige,de,gruendung,fuehrt,taeter,straftaten,bleiben,abschiebe,mindestens,woche,zog,beachtet,schlimmste,volkes,komplexes,elfjaehriges,jugendschutz,mehreren,rakka,beobachtungen,waehrend,organisation,schleierfahndung,stellen,anlegen,vorliegen,ding,parallelen,muss,drucks,mehrfacher,schiffen,jugendschutz,grenzfahnder,bescheid,bleibt,sterben,person,waleri,heiligen,schlimmste,liegen
zahlt,rueckkehrteppich,laesst,kind,frei,behoerde,flieger,stellen,abgelehnte,obwohl,betrifft,fuenf,muenchen,opfer,taeglichen,getrennt,frage,system,fluechtlingsunterkunft,saechsische,beteiligten,homs,erfahrungen,regierungserklaerung,iom,gejagt,wohlhabende,teilte,erteilte,grosse,toten,entsprechender,anbetracht,hinsicht,libyschen,saechsische,stichprobenartigen,landkreisamtes,nahen,gesetzen,zivilgesellschaft,gerassimow,krieg,getrennt,angaben
amt,auszurollen,griechenland,eltern,wagenknecht,soeder,afghanen,stach,versuchen,heiligen,kriminell,gehoert,flugzeug,bereich,einsaetze,kindern,erfahrener,zaeunen,wiesbadenerbenheim,zeitung,stamps,liegen,bevoelkerung,bundestag,abgelehnten,gesonderten,nationen,ngo,behoerde,black,gefesselter,medialer,sinkendem,rote,kueste,zeitung,reisebuskontrollen,leipzig,mittleren,islam,philanthrop,ukrainekonflikts,liebe,kindern,auswaertigen
monat,nehmende,leine,oesterreich,wirbt,freistaat,wochen,kaltbluetig,bagatelldelikten,krieg,gewordene,geborene,abgelehnten,elektromarkts,frontex,tatsaechlich,deutscher,lagern,vergewaltigt,berichtet,ministerium,stunden,facebook,angela,ankunft,schnellverfahrenseinrichtungen,grenzen,donnerstag,visa,box,verbrennt,unterstuetzung,zahl,kreuz,auftauchen,berichtet,grenznahen,liegt,osten,ehre,millionen,scharfen,muslimische,tatsaechlich,amts
knapp,bundesregierung,euinvasoren,geflohen,unzufriedene,deutlich,mindestens,mehrfach,entgehen,aufrief,sogenannte,paedophile,afghanischen,saturn,hafen,fraglich,staats,errichten,aufgrund,emphatisch,wichtige,plane,unvermittelt,verhaeltnisse,temporaere,namen,verschliessen,twitter,familiennachzug,geschaeftsfuehrer,dessauer,trommeln,asylbewerbern,drk,de,emphatisch,bereich,bams,meist,beschmutzt,universitaeten,sanktionen,brueder,fraglich,derzeit
quadratmeter,mindestens,verlangt,mitte,anhaenger,offener,unrecht,53jaehrigen,motto,zeitgleich,gefaehrder,ausreisepflichtige,asylbewerbern,moenckebergstrasse,molyvos,bildinformationen,strafrechtler,fluechtlingshilfsorganisation,neuer,prozess,informationen,gelbbraunen,hexenjagd,geradezu,unterkunft,zentrum,staaten,bord,visa,hfr,polizeizelle,alarm,passauer,boot,facto,prozess,km,behoerdensprecherin,lebensgefaehrliche,erzaehlt,demokratiefoerdernde,belegt,moechte,bildinformationen,terminanfragen
dachschraegen,isfrauen,athen,syrischen,spd,ermessensspielraeume,bord,floh,klaut,fuerchten,leute,insgesamt,groesste,ploetzlich,routine,letzten,stellen,spricht,ermittlungserkenntnisse,intensivtaeter,zurueckgehalten,blumendecken,wiederzufinden,leidenschaftlich,hotel,ankunft,folgen,astral,erteilt,timmo,fast,schlagen,presse,holen,dienst,intensivtaeter,inland,brigitte,fluchtroute,schockierende,ngos,besuchte,heiligen,letzten,angehoerigen
zimmer,deutschem,unterlassen,islager,gruenen,nutzen,20jaehrige,pinews,bleiben,betriebe,integriert,eintraege,gruppe,noteingang,gegessen,oktober,rechtspopulist,anschlag,verdacht,adel,bzw,matschigen,pogromlustige,migrationsfrage,name,entscheidung,warnten,befinden,quartal,scherenberg,beharren,paar,sommer,blut,organisierten,adel,insgesamt,laux,sahara,geschichte,nichtregierungsorganisationen,gemeinsam,krieg,oktober,lebender
schrank,pass,mehrwertsteuer,verhaftet,programm,bessere,nasibullah,berichtete,prozess,qualifizierte,berufsausbildung,strafregister,beginn,obwohl,getrunken,getrennt,oae,europaeische,ali,al,ignoriert,wiese,parteikollegen,schicksalsfrage,spinzarhotel,rueckfuehrung,mittwoch,gerettete,groesste,mittwoch,staatsanwaelte,aufnahmewillige,erfahrungsgemaess,spenden,kriminalitaet,al,plus,anfrage,mittelmeer,fluechtlingsmaedchens,gesteckt,russischen,aufrufen,getrennt,teilte
oeffnen,bringen,fuenf,oesterreich,richtung,balance,lebte,anwesend,warten,mitarbeiter,nachgehen,dunkelziffer,sammelabschiebungen,heftig,staedtchen,zog,gelten,menschenrechtskonvention,erhaertet,omar,privatjet,schenken,ueblichen,erhob,vermittelt,anker,veroeffentlichten,leichen,anteil,rein,maer,finde,informationen,fehle,stellen,omar,prozent,aeussern,asylantrag,laupheim,gast,aussenminister,tod,zog,sprecher
bett,deradikalisieren,inseln,vorgehabt,scheint,finden,recherchen,rettete,stephan,gekommen,ruft,duerfte,dezember,wehrte,thront,kindern,fruehen,zerstrittenen,teilte,mustafa,montag,zelt,humanitaeren,satz,jamal,untergebracht,text,kindes,prozent,linkes,selbstmord,art,regierung,behandelt,geschaeft,mustafa,vergleich,verweist,einzureichen,schwaben,hofburg,sergej,erklaeren,kindern,berlin
mahmud,schreiben,ostaegaeis,islamischen,abzuzeichnen,integrationsleistungen,norddeutschen,tochter,mayer,krieg,umgang,weitaus,bundesinnenminister,vergewaltigte,hell,mai,dresdner,staats,dienstag,khaled,auftrag,mohammed,hetzmedien,fiel,naser,bayern,berliner,flucht,visa,buendnis,fluechtlings,erpressung,hunderttausende,muessten,schlepper,khaled,vorjahr,sozialdatenschutz,humanitaer,wunder,ruehmt,lawrow,dschihad,mai,bestaetigte
wohnkochesszimmer,welt,ermaessigten,terrororganisation,schuld,braechten,rundfunks,wahrscheinlich,csu,herrscht,csustaatsregierung,hoeher,horst,schutzsuchende,beleuchtet,termin,passanten,regierungschefs,derzeitigem,koennten,landes,lacht,beteiligten,fruehen,dienstag,entstehen,erklaerung,ueberlebt,prozent,community,oury,schliesslich,bewegung,warnt,fuehren,koennten,sogenannte,allgemein,sicher,versuchten,oesterreichs,bundeskanzlerin,mitgemacht,termin,grundsatz
bett,bezug,satz,al,wagenknecht,koennten,fluechtlingsunterkunft,waehrend,staatssekretaer,rechtlich,arbeits,bandbreite,csu,minderjaehrige,mittelalterliche,regelung,einbruch,nacht,ermittlungsstand,haar,nrw,meint,ua,freitagmorgen,hotelgaesten,einigte,fluechtlingsschutz,retter,iraker,for,jalloh,lifeline,setzen,organisation,rechtfertigt,haar,unerlaubt,sagen,fluechtenden,ehrenmord,bundespraesident,angela,einfach,regelung,bericht
jobcenter,medienberichte,prozent,nusra,fluechtlingspolitik,arbeitserlaubnisse,neubrandenburg,hochdruck,bundesinnenministerium,beanstanden,ausbildungserlaubnissen,polizeibekannten,zeigte,14jaehrige,burg,umgangsrechts,waffengeschaeft,ohren,alter,kruemmen,gemietet,mehrfach,schrieb,bruessel,personal,koalitionsausschuss,organisationen,dienstag,visa,all,kippt,funktioniert,praeventiv,angesichts,gutmenschentum,kruemmen,eingereiste,bescheide,folter,ueberlebt,scheint,aussenminister,fliegen,umgangsrechts,redaktionsnetzwerks
zahlt,gehoeren,prozent,front,regierung,moeglichkeiten,mecklenburgvorpommern,ermittelte,warnt,passenden,breite,asylbestie,woche,versuchte,operieren,familiengericht,pwstore,geschlagen,beteiligt,jungen,bundesamt,versucht,claudia,angela,erhaengt,union,unterzeichnet,truemmern,prozent,dienstag,konstrukt,aquarius,handeln,messermetzeleien,treiben,jungen,pass,landratsamt,vergewaltigung,palaestinensischen,bekuemmern,heiko,dschihad,familliengericht,antwort
vermieter,mutter,anzuheben,anzuschliessen,komplett,ausbildung,dezember,kaempften,abgelehnte,gesetzen,kritik,reicht,zufrieden,vergeblich,eugrenzschuetzer,bochum,webergasse,wesentliches,mordfall,tatzeit,donnerstagmittag,slowenische,schmidt,langen,aufgefunden,spd,paritaetische,schlauchbootes,unklar,schliessung,november,malta,droht,blut,verweis,tatzeit,gueltiges,landkreis,maennern,gefluechtet,zig,maas,haian,bochum,auswaertigen
person,kind,zusaetzlichen,radikalisiert,versagt,buerger,beantragt,aerzte,begehen,fehlt,wirtschafts,diebstahl,ausgerechnet,wehren,kuestenwaechter,demnach,alarmiert,ergebnis,susanna,volljaehrig,erfahren,grenzpolizei,gesellschaft,nacht,bildinformationen,donnerstag,caritas,entdeckt,januar,einrichtung,gelangt,anlegen,neuer,bach,artikel,volljaehrig,visum,leipzig,zwangsarbeit,hoechstens,milliarden,berlin,bein,demnach,amts
nacht,bekanntlich,belastungen,moschee,zugelassen,erwarteten,gesuch,klinikum,kleinere,fehlt,sozialverbaenden,waffen,geburtstag,mansor,schmalen,wochen,nahmen,beratungen,13jaehriger,omar,trotz,kroatien,bewahren,verhandlungen,eingereist,abend,diakonie,seemeilen,gekommen,darmstadt,vermerk,zuletzt,fluechtlingsansturm,hinunterspuelt,grundgesetzes,omar,schengenraum,angelegenheiten,tagesordnung,aelteren,schwere,moeglich,verloren,wochen,schriftliche
monat,holen,inseln,drohungen,soziale,solch,februar,vaters,straftaten,einwanderungsgesetz,hervor,schweren,bestellt,vollendete,meeresstreifen,nehmen,beamten,verkuendet,zeuge,ausserdem,direkter,geschickt,einwanderung,restlichen,stellte,spd,amnesty,kilometer,millionen,gefordert,pensionierten,bundesinnenminister,faellt,dumme,erheblichen,ausserdem,sogenannte,asylbewerberleistungsgesetzes,weibliche,verheiratet,finanzhai,bruessel,dschihadvideo,nehmen,frage
rechtens,wuerde,versorgt,islamisch,probleme,balance,bundesamt,notoperation,drohenden,situation,ulrike,raub,zurueckgefuehrt,sexuelle,griechischen,dienstags,junge,sogenannte,gefuehrt,erlebnisse,nachfrage,kroaten,zulassen,staats,asylantrag,setzte,international,kueste,familien,brutale,dessauer,horst,warnung,idee,maritimen,erlebnisse,unerlaubt,erstellt,sexuelle,schariarecht,volkswirtschaften,gelisteten,rollstuhl,dienstags,linkenabgeordneten
gerecht,vermutlich,muessten,gekleideten,verschaerfen,straftaetern,abgelehnt,gerettet,zwangsrueckfuehrung,absurd,mascher,koerperverletzung,politiker,handlungen,insel,stundenweise,bereich,ausschiffungsplattformen,susanna,schwer,stampministerium,bosnienherzegowina,kindlich,regierungschefs,abgelehnt,tausch,medico,libyens,nachholen,misshandlungen,oberstaatsanwalts,csu,kategorie,unguenstig,kundschaft,schwer,aufhaeltige,aeusseren,gewalt,gleichen,ruin,ausnahmegenehmigungen,schiesst,stundenweise,sevim
senat,humanitaer,regierung,aufgefallen,ohnehin,denjenigen,junge,stunden,heimatland,fachkraeftezuwanderung,landesvorsitzende,klassische,christlichsozialen,schreienden,tuerkei,umfeld,schweriner,disembarkation,mai,traumatisiert,organisierte,velika,naiv,muede,klage,einwilligung,international,meer,regierung,inhaftierten,folker,verdanken,panikmache,religioese,wuerde,traumatisiert,aufhalten,erscheinung,ausnahme,vornamen,gewettet,politische,maschinengewehr,umfeld,dagdelen
wirft,durchgestylte,forderung,haelfte,mangel,gezeigt,legte,20jaehrige,entgehen,unterscheidet,sozialverbands,klaviatur,union,helllichten,engsten,froh,strasse,platforms,eltern,jugendschoeffengericht,hintergrund,kladusa,glauben,schicksalsfrage,wehrte,lagern,rettungsorganisationen,trieb,sieht,aufgedeckt,bittmann,gruenden,nennt,kulturelle,voellig,jugendschoeffengericht,visum,schriftstueck,regel,fluechtling,entwarf,gespraeche,tatsaechlich,froh,zitierte
geld,hiesige,nachkommen,strafe,bezahlbaren,integrieren,klage,afghane,ermittelnden,brauchen,vdk,merkels,dienstag,half,stellen,tunesien,beute,drittstaaten,vermisst,vorsitz,beschwerde,aeussersten,ausgerechnet,jedenfalls,ablehnung,fachkraefteeinwanderungsgesetz,sos,einschaetzung,ausser,begruendete,oeffentlichkeit,humanitaet,fakten,vorbehalte,egal,vorsitz,aufenthaltstitel,entsprechen,befragten,bringt,kettenrauchende,erhalten,zogen,tunesien,antraege
buerger,welcomegesellschaft,anerkennung,allahkrieger,wohnungen,bayerische,verwaltungsgericht,amir,staatsanwaltschaften,gesetz,bayern,importierter,berlin,derzeit,aegaeis,bevor,trugen,schaffen,gemeldet,markus,verwaltungsgericht,zipfel,kulturen,rede,fuenf,euland,mediterranee,besatzung,stande,sprecherin,mordverdacht,entschieden,tatsaechlich,stehen,duerfen,markus,abgelaufen,laux,kamen,kind,gruene,schwerpunkt,hunderte,bevor,gingen
vollen,gerechtigkeitsgefuehl,hilfsbereitschaft,mithilfe,schulen,fluechtlingsrat,greifswald,wafa,faellen,fordert,kritisiert,gewaltfachkraefte,masterplan,unklar,kilometer,verlassen,fluechtigen,mittelmeer,leiche,schloss,gelsenkirchen,bosnienherzegowinas,produzieren,waere,beschluss,asylantrag,seawatch,libysche,einzuschaetzen,polizeipraesidium,offenbar,insgesamt,stimmung,blutspendediensten,aerzte,schloss,meisten,behoerde,berichteten,welt,magazin,treffens,muslime,verlassen,bericht
haenden,ueberfordern,lasten,anwalts,ueberfordert,kritiker,polizisten,festgenommen,naemlich,oliver,praxis,komplettes,vorstellte,moeglicherweise,breit,stiess,flucht,aufgegriffen,maedchens,sichtweise,eingelegt,kroatien,leid,redlich,zustaendigen,gestellt,fordern,kuestenwache,belastbare,suedhessen,taeter,einwanderer,zuwanderern,bsd,sanitaeter,sichtweise,illegalen,strafanzeige,folter,bringt,profil,moegliche,heiligen,stiess,zufolge
fenster,michel,inseln,bedingte,sozialen,demonstrierten,unterkunft,ermittlungen,zustimmen,zander,finde,justizversagen,liegt,bevoelkerung,mitternacht,osama,entsorgt,zurueckgeschoben,verscharrt,angehoerigen,termin,stadt,verfolgung,euplaene,verwaltungsgerichts,kuenftig,gemeinsam,agierenden,prognose,wies,misshandlung,bord,letzten,aufgrund,polizisten,angehoerigen,einwanderer,unbekannt,mord,april,soros,rueckkehr,krieg,osama,botschaft
raus,widersinnige,tragen,haftentlassung,brennpunkten,schaffung,holten,gefaehrden,erfundene,arbeitgeberverband,schwer,hamburg,ueblich,hamburg,legt,ladens,mittwoch,europaeische,bahndamm,rechtlichen,abschiebeflugs,fluechtlingscamp,unterdrueckung,verschaerfung,klage,direkt,schutzsuchende,miliz,umfang,vorwuerfe,jallohs,aquarius,monaten,zuwanderung,feuerwehrleute,rechtlichen,unerlaubter,gestellt,reisegefaehrten,sohn,zeichnet,syrischer,november,ladens,libanesischen
hilft,aktion,muessten,beantragt,niedriglohnsektor,amtes,klage,haelt,straftaten,metall,ertraeglich,april,sichtlich,voellig,portugiesische,leibwaechter,einbruchdiebstahl,kommission,wiesbaden,vertreter,vormittag,entwickelt,perspektivenlosigkeit,migrations,gilt,zustaendige,zugang,europaeischen,familiennachzug,buendnisses,vertuschen,uebernimmt,dramatisch,herausforderung,schmerzhaft,vertreter,einreise,bescheid,erklaerten,welt,kaempfer,kriegsfluechtlinge,haian,leibwaechter,hauptstadt
beduerftigen,halbwegs,ausnahme,seitens,einheimische,insbesondere,anhaengig,veroeffentlichungen,zugenommen,elektro,ausbildungsplatz,mansor,zufrieden,abgestumpft,schnellboot,drohung,hoehe,hierfuer,entdeckt,saal,fragte,regnet,positiven,asylpolitik,zurueckgenommen,zurueckgewiesen,fairen,union,schutzberechtigten,ueberpruefungen,frueheren,bringdienst,verschlechtert,gestellt,erfahren,saal,aufgegriffen,internet,opfer,elian,demokratie,bundesregierung,angeblich,drohung,beirut
bereichert,schmackhaft,gelten,justizanstalt,ausgespielt,sammelabschiebung,duerfen,details,letzten,kritik,bekommen,streit,abgeschobenen,vielfachen,patrouille,zeugin,jugendschoeffengericht,zuegig,anschliessenden,bleiben,gericht,polizisten,beitrag,antwort,betrieben,vergangenheit,rechtsstaatlichen,unterstuetzt,erwarten,ergeben,todesfaellen,obwohl,konkrete,hinzu,schaedelhirntrauma,bleiben,stammten,aufgetaucht,unmenschlicher,schwanger,menschenrechte,schwieg,krieg,zeugin,betonte
gewerbsmaessige,beruechtigte,solange,wiensimmering,loehne,anfang,gericht,ueblichen,faelle,eigentlich,integrieren,stumpfen,suizid,gewalttaten,bord,blut,dresdner,konzept,gerichtsmedizinischen,hoeren,telefonisch,auto,leisten,schicksalsfrage,wurde,monat,kritik,schicksal,moeglich,geschilderten,ablenken,ausgerechnet,anzeichen,heimatlaendern,kieferbruch,hoeren,nigeria,grund,entwuerdigender,ausgesucht,uneigennuetziger,inhalten,kindern,blut,ministeriumssprecher
wohltaeter,narrativ,fluechtlingskrise,negativer,druecken,deutliche,mittlerweile,plattitueden,selbstbezichtigung,hilfreiche,bayerische,eisenstange,begangen,importierten,polizisten,weinen,amtsgerichts,entwickeln,untersuchungen,angeklagten,flug,camp,afrikaner,handelt,begonnene,erwischt,stoesst,ueberlassen,nachzugsberechtigte,einzelfaelle,druck,kurzem,massenflucht,nahezu,ausgeschlagene,angeklagten,somalia,hohen,behandlung,verliebt,goenner,viererrunde,september,weinen,auszuschliessen
innenpolitische,bemueht,andauere,risikoprognose,stellt,kritik,bestaetigt,merkels,schwerer,regelungen,innenminister,schwerstens,internationale,merkelzombies,portugal,hintergrund,verhandelt,fluechtlingshilfswerk,ergaben,ueberfall,bleibt,fenster,europaeer,vage,ausbildung,zutraf,ansinnen,nachrichtenagentur,angehoerige,stark,fraktion,gewarnt,teilt,unbekannt,zaehne,ueberfall,pakistan,betrag,koerperlicher,jamal,eigentlich,ausgetauscht,ermittlungen,hintergrund,mehrere
sprecher,kraeftig,ministerpraesident,abgelehnt,frage,bayerischen,mittwoch,goldstuecke,straftaten,sinnvoll,joachim,verletzt,organisation,platz,griechischer,nrw,ergebnis,vereinten,14jaehrige,pw,muesse,plastik,denken,ideen,brach,voraussetzung,csu,afp,schutzberechtigte,verkuerzt,linke,duerfe,italienische,evolutionsbedingt,massive,pw,albanien,anzahl,gewalt,fluechtling,groesster,russische,gefaelschter,nrw,anfragen
berliner,legende,alexis,haeftling,rechts,soeder,sprecherin,folgerichtig,ausland,anwendung,herrmann,urteil,iom,andauernder,kollege,tunesien,koennte,nationen,vergewaltigt,store,vorlaeufiges,ueberklebt,arbeiten,rechtlich,wenigen,abkommen,abzuweisen,erklaerte,zahl,verfaelscht,gruenenfraktion,shuttleservice,sektion,unterschiedliche,schnittverletzungen,store,ukraine,familienmitglieder,folter,benachbarten,wohltaeter,aussenamt,papiere,tunesien,verschiedenen
fdp,gestrickt,tsipras,deliktseinsicht,linke,kuenftig,bundesinnenministers,liess,hessen,lobt,verfolgt,rothgruenen,unterorganisation,fassadenbauarbeiten,oertliche,verteidigt,hart,unhcr,anschliessend,sagen,verbot,plastikplanen,gerne,bedenkliche,wochen,betroffenen,nationaler,hilfsorganisation,erfasst,dargestellt,fordert,suedeuropa,fluechtlingshilfswerks,blutgruppen,gesicht,sagen,gambia,langsame,international,biberach,welt,brach,muenchen,verteidigt,botschaften
marcel,scheint,eumigrationsgipfel,mangle,bewegung,landesamt,eleonore,zustaendige,lediglich,steffen,csu,hamburger,un,schwer,obrigkeit,rechtlichen,gesottene,internationale,erwuergt,einbruch,verhaengt,zeitweise,europaeer,vorschlaege,afghane,laendern,alleingaenge,schiffe,tatsaechlich,detaillierten,rechtsausschuss,entstehen,vereinten,erlaeutert,46jaehrige,einbruch,irak,bearbeitung,organization,wohnt,soros,schweigen,register,rechtlichen,laufen
luthe,rede,bruessel,hiess,wagenknecht,humanitaet,petermann,staatsanwalt,ermittlungsverfahren,kampeter,vorgegebene,justiz,mittwoch,einsehbar,vertritt,voraussetzungen,pinewsleser,organisation,hauptverdaechtiger,einzige,hauptsache,streit,massenweise,allgemein,jamal,andernfalls,grenzen,gebiet,nachholen,mitteilung,landtag,sorgt,nationen,dr,notaerztin,einzige,serbien,falls,for,elian,privatvermoegen,erklaerte,eingetragen,voraussetzungen,anfragen
gewerbe,deradikalisierung,mitgeteilt,schuld,begriffen,fluechtlingspolitik,zurueckgeholt,laufen,bereich,hauptgeschaeftsfuehrer,linie,lautete,bestaetigte,anschliessend,mission,lagen,sprachlos,iom,galt,straftat,entscheiden,deutlich,import,gehaltene,naser,union,bedarf,angesteuert,unterlagen,polizeipraesidium,sachsenanhalt,bringdienst,unhcr,thomas,einsatz,straftat,meisten,bundesamt,schaetzt,eltern,usmagazin,vorbereitung,bekam,lagen,familien
wohnheim,wort,konservative,bewusst,anfangen,schutzberechtigt,rueckholung,mangels,terror,arbeitgeber,pauschalen,trotz,tot,verfolgte,nacht,vollstaendig,taeter,mitwirkung,kurze,angeklagten,haengebeschluss,eigentlich,stammeskulturen,willensbekundungen,insgesamt,spd,solidarischen,besatzung,regierung,betreiber,akten,eingerichtet,bildanfrage,zeiler,oberbayerischen,angeklagten,illegalen,paragraf,zahl,kinderzimmer,forbes,umstaende,haian,vollstaendig,identisch
betreibt,loest,oppositionspartei,berufswunsch,sagen,bekommt,noetigen,beweisen,stiegen,bda,regeln,vorstrafen,uebergangsunterkunft,geflohene,lautet,fluechtlingsminister,vorwiegend,zugesagt,leichenfund,last,bamfantwort,sagen,clandenken,luftschloesser,dreimal,zurueckweisung,aufnahme,funkverkehr,gelten,halbes,setzt,spanischen,unhcrsprecher,aerztlicher,ottobrunn,last,einwanderer,asylbewerberleistungsgesetz,unfreiwillig,dienstagabend,milliarden,rueckkehr,temporaeren,fluechtlingsminister,muessten
matthias,hilfereflex,griechischen,terrorist,inhaltlich,bayern,schritte,leider,zahlen,beschlossene,generell,namen,aufgefunden,opfer,suchen,joachim,mufl,halten,alte,gelegt,flug,stammen,sicherer,koennte,rechtskraeftig,deutschoesterreichischen,staaten,schiff,regeln,alten,juristen,kueste,federico,geschaeftsfuehrer,uebel,gelegt,unerlaubten,laenger,gestrandet,versammelt,dollar,gegangen,fluechtlingsschutz,joachim,termine
grosse,legt,parlament,verteidiger,politik,bessere,einleiten,halt,sprunghaft,genannte,berufsperspektive,volkes,iom,ubahn,retten,stamp,minderjaehrige,moeglich,irakischstaemmige,khaled,storniert,algerien,veraenderung,sagen,verurteilt,grundlage,suedlichen,kuestenwache,duerfen,einrichtung,seither,malta,fossi,bsd,zugerichtet,khaled,aufenthalts,monate,zwangsarbeiter,ehemann,geschaetzt,angetippt,november,stamp,wuerden
freund,gleichzeitig,nea,legte,mehrheit,chancen,wirft,machen…,halbjahr,32regel,ausbildungsduldung,bewaehrung,rueckkehrern,fluechtete,kollegen,fdp,unbegleitete,legal,ali,mittwochvormittag,neuer,marokko,schlechteren,ueberhaupt,mai,vereinbarung,aussengrenzen,frachter,subsidiaer,plaetzen,passiert,ohnehin,haelt,roten,opfer,mittwochvormittag,aufgegriffen,bescheid,gehalten,brueder,sponsert,offensichtlich,prozess,fdp,zug
eisschnelllaeuferin,nahe,dimokratia,beschluss,wirtschaftslobbyisten,anderswo,erneut,auswertung,entpuppten,garantiert,ermoeglichen,september,verfuegung,haltestelle,bord,gestern,mita,seenot,zuvor,zuhoeren,termin,pakistan,gewaltbereitschaft,jemals,erstmals,republik,alleinige,not,geschuetzte,innenministeriumssprecher,bringt,wirkungslose,entwicklung,kreuz,eritreers,zuhoeren,stammten,warten,derweil,eltern,open,zentralen,urkundenfaelschung,gestern,zug
claudia,gefahr,daraufhin,beschwerde,sagen,geben,licht,dna,faelschlich,beschaeftigter,haelt,vorfall,stellt,hoheluftbruecke,tragen,sondersitzung,mehrfachintensivtaeter,gerettete,heimatland,staatsanwaeltin,folge,meint,hohe,steuern,diebstahl,oesterreich,verantwortung,geratenes,sogenannte,michael,thomas,grosser,dennoch,west,shuttleservice,staatsanwaeltin,albanien,zuschulden,florieren,abend,society,fragen,staatsanwalt,sondersitzung,chronologischer
pechstein,verzuge,geruecht,entschied,formulieren,geld,untersteht,spuren,vorgebrachte,ausbildung,schwierige,willkommenskartei,angaben,verliess,kugelsichere,stamp,krimineller,notfalls,absetzen,cornelia,gericht,mohammed,aggressionspotenzial,verhindern,oktober,durchfuehren,asylsuchenden,boot,kernfamilie,schaich,ndindah,erfolg,moeglich,blutgruppen,mittelmeer,cornelia,ukraine,sozialhilfe,lande,sterben,foundations,politik,gericht,stamp,reihenfolge
bringen,koennte,gestreut,senat,alexander,integration,mittwoch,laenger,straftaten,betrieb,faelle,mansor,afghanischen,14jaehrige,schwimmwesten,hinweis,alt,lagern,fahndung,kaufmann,verzichtete,monat,kulturen,sieht,versuchter,binnen,zugeschoben,mitgehoert,nachholen,betonte,initiative,verkaufte,hauptsaechlich,verbreitet,nutzte,kaufmann,vietnam,erhoehen,sklavenmaerkte,angaben,sogenannten,schliesslich,zustimmung,hinweis,vergeben
wohnungslose,tunlichst,tsipras,isanhaenger,graf,meisten,einraeumen,paar,hessischen,arbeiten,koennten,schweren,erhaengt,bahn,pistolen,moeglicherweise,alt,ausserhalb,ausgeschrieben,anklage,haengebeschluss,eingetroffen,weder,fortschritt,gefaehrlicher,stunden,interessen,demnach,hoechstens,weder,gedenken,fluechtlingsabkommen,transitland,westafrika,kumpels,anklage,mazedonien,staatlichen,grauenhaften,alaas,farbrevolutionen,lebten,angeklagten,moeglicherweise,sprecher
gemaess,interesse,geheime,rest,lambsdorff,bundeslaender,offensichtlich,stunden,justizkreisen,nachvollziehbar,geprueft,raubes,sprecher,bat,helmkameras,entgegenstehende,straftaeter,unterzubringen,sicherheitsbehoerden,verlas,faellte,vorher,afrikanische,migrationspolitik,koerperverletzung,bestehenden,schutzsuchenden,blieb,angehoerige,polizeipraesidium,oury,spanien,skandinavien,blutgruppe,aethiopien,verlas,serbien,leistungen,auktionen,bruder,georgien,angaben,eingestellt,entgegenstehende,antwort
gueltigen,vermeiden,absprachen,haftstrafe,fraktionsvize,soeder,behoerdenfehler,dauern,innenministerium,einzelnen,22jaehrigen,ueberfuehrt,seehofers,tankstelle,weiss,gerichtliche,lebt,asylantrag,autonomen,urteile,abend,eineinhalb,moslemische,europaeer,november,einrichtungen,beruecksichtigt,frachter,monat,ministerium,jalloh,verkommt,angehoerige,duffy,afrikanischen,urteile,nigeria,doppelte,versteigert,abd,ukraine,statistischen,beantragte,gerichtliche,anfrage
mindeststandards,gilt,getroffen,bequemer,fdp,bayerns,passiert,herrn,steigende,bundeslaender,danial,innerhalb,bestaetigte,schockiert,trifft,entscheidungen,eltern,entscheiden,kurdenregion,bewaehrung,hauptsachebeschluss,griechischen,kultur,setzen,widerstands,unmittelbarer,erklaerung,ort,rechtsanspruch,abschiebehafteinrichtung,punkt,homoeopathischen,bekannte,fy,laendern,bewaehrung,pakistan,zusaetzlich,stellt,alrahman,unterstuetzt,bundesamts,dschihadist,entscheidungen,dagdelens
senatsverwaltung,gebe,steuererhoehungen,umgebung,abschottung,innenminister,verantwortung,staatsanwalt,problem,faellen,nuetzen,bewaehrungszeit,tod,hilfe,kontakt,gegeben,unbegleitete,kontext,nordirak,ausgesetzt,vorlaeufig,insel,kompatibel,auffanglager,vollstreckungsbeamte,grenznaehe,geltenden,kuestenwache,besteht,transparenz,dokumentieren,massnahme,kamen,zusaetzlichen,unterkunft,ausgesetzt,marokko,mietkosten,hoelle,messer,vermeintlichen,fast,aufenthaltserlaubnis,gegeben,kuendigte
grosse,schulen,inseln,fussfessel,fremde,joachim,schob,gelaeufig,mayer,unterschiedlich,lippenbekenntnisse,erfolgte,mannes,polizisten,wasser,waere,kamen,kooperation,festgenommen,jungen,beschluss,samos,kultur,natuerlich,beleidigung,bzw,dublinverordnung,mitteilte,schutzsuchende,vermissen,akten,lifeline,offiziellen,merkmalen,unbegleitete,jungen,kosovo,uebernommen,monsieur,brust,foerderung,wanderten,abgelehnt,waere,auswaertige
bildanfrage,isgebiet,wuerden,absolvieren,freihandel,herrmann,minister,verhinderte,mitgliedschaft,handhaben,iran,verurteilung,bezeichnete,paedophilen,gefilmt,rueckfuehrung,jugendeinrichtungen,sogenannten,ausgeliefert,zuschulden,naechsten,fluechtlingslager,wusste,heissen,erhielt,transitbereich,muesse,dorthin,subsidiaeren,scherenberg,anschaulich,aufnahme,statistiken,laendern,minderjaehrige,zuschulden,auskunft,bekommt,macron,gerammt,demokratie,berufung,muenchener,rueckfuehrung,amt
frage,gehirnwaesche,gestundet,gefaengnis,frankreich,csu,ohnehin,beinahemoerder,terroristischen,regel,geborene,diebstahls,fuerchterlichen,vergewaltiger,nacht,gekommen,untergebracht,libyschen,entscheidende,gefaengnisstrafen,zugestellt,irgendwann,gross,innerhalb,jamal,muenchner,geklaert,proactiva,schutzstatus,kritisierte,bestreben,draengte,afrikas,irak,lebte,gefaengnisstrafen,dienen,leipziger,humanitaere,ausserdem,menschenrechten,grosszuegige,auslaenderbehoerde,gekommen,personelle
bewohner,unterzogen,tsipras,nachwuchsterrorist,unterscheiden,machten,stark,freien,vereinigung,unterlaufen,afghane,waffen,vorfall,mansor,sternenklar,islamistische,angeklagte,kuestenwache,hinweise,absitzen,wirksam,bruder,afrikas,sogenannte,naser,flughafens,staat,open,gelten,bislang,polizeigewalt,mahnte,kuesten,gekommen,begruendung,absitzen,stichprobenartigen,familienmitglied,problem,mundwinkel,duerfte,asylrecht,sicherheitsrechtliche,islamistische,verstaerkungen
tagessatz,starkem,bereiterklaert,deradikalisierungsverein,links,klar,kritik,fuss,bezichtigen,klagt,befindet,versuchter,abend,sodann,pechschwarz,gefaehrder,asylpflichtverteidiger,ausbauen,fundort,ausserdem,beschluss,malta,bevoelkerung,kontrollierte,strafakte,unterbringen,asylverfahren,arms,individuell,fluechtlingsrat,verschleiern,duerfe,anfaenglichem,nordrheinwestfalen,ueberhaupt,ausserdem,kontrollen,schnitt,beginnt,aufgeschlitzt,gluehende,somit,erkenntnisse,gefaehrder,botschaften
untergebracht,masse,griechenland,derad,rechtsextreme,hauptziel,stehenden,tauchte,schwerwiegende,kampeter,derzeit,schwerer,aeusserte,unmittelbaren,boot,obwohl,dolmetscher,arbeit,leiche,bekamen,naechsten,gestrandet,waechst,zentren,liegt,rechtlich,zustaendig,warf,verfolgt,verbaende,zeugen,praezedenzfall,chaos,statistik,volle,bekamen,fernbusse,betrag,libysche,syrische,verfechter,hohe,bestaetigt,obwohl,amman
laesst,radikalisiert,registriert,intensiv,nicht,landesbehoerde,csupolitiker,welch,straftat,ersticken,kirchenasyl,raeuberischer,zutiefst,umfeld,rauscht,verwaltungsgericht,tische,appelliert,ali,mehrere,gericht,besuchen,rasantem,entstehen,strafbefehl,gesehen,zurueckweisung,libyschen,folter,freien,korpsgeist,geschaffen,klappten,itnrw,flasche,mehrere,abwehr,normalerweise,kueste,ehemann,eurotransferunion,belastung,sprecher,verwaltungsgericht,beirut
unbeantwortet,jugendlichen,aufzunehmen,betreut,marcel,oberbayerischen,versprach,wunder,einzelfall,engagement,akut,erpressung,bedauerlich,tankstelle,kmh,gelsenkirchen,anklageseite,staatenbuendnis,13jaehrigen,auflagen,zustaendige,ueberquerte,tempo,gebracht,verstosses,betont,feststellung,miliz,unmenschliche,wohlfahrtsliga,brisanten,genau,registrierung,laendern,whisky,auflagen,gefahren,bar,verlassen,geholfen,abschaffung,staatskassen,stadt,gelsenkirchen,kurzfristig
mindeststandards,koennten,tsipras,empfehlung,dirsus,manching,sorgen,folgetagen,nachgehen,integrationswilligen,bedroht,monaten,sachlich,festnehmen,flachen,vorabend,jugendschoeffengericht,groesstmoeglichem,gekommen,gehoeren,auslaenderbehoerde,griechenland,ackerbau,mitgliedstaaten,betaeubungsmittelgesetz,koalition,zustaendigen,gerettet,behandlung,einrichtung,parallelen,geschehen,unterbringung,wuerden,notaerztin,gehoeren,sicherheit,ausgezahlt,umgekehrt,ehrenmord,nationalstaaten,frage,muenchen,vorabend,zusaetzlichen
landesamt,mitunter,dementierte,ngo,politikwissenschaftler,ingolstadt,eingehalten,lka,hinterher,ausbildungsbereiten,obwohl,haft,ruecksichtsvoll,atemalkoholtest,wellen,entschieden,reichten,zynismus,erklaerte,arbeitsstunden,stadt,albanien,viehzucht,verteilt,lagen,reisten,mitgliedsstaates,frauen,todesstrafe,ansehen,rechtsausschuss,jetzige,sorgte,migrationshintergrund,warf,arbeitsstunden,beeintraechtigen,ausnahme,schuh,verlangt,vorteile,sicher,bildanfrage,entschieden,visaentscheider
fluechtlingsangelegenheiten,gefaehrlich,wies,vereins,uni,schnellere,rechtswidrig,schluss,falsch,betriebe,lebt,steuerfinanzierten,umgehen,ergab,gefuehrt,zulaessig,taeter,duerfe,seinerzeit,hervorhebungen,bochum,montenegro,schlachthoefe,sofern,insgesamt,ueberhaupt,rechtswidrig,kind,drohen,vorwuerfe,bestellten,bereitschaft,verstaerkten,zunehmend,klingt,hervorhebungen,faellt,fluechtlingsheim,draus,unbekannt,blick,zumindest,bildinformationen,zulaessig,erhalten
laf,orakelte,konservative,neustart,kiel,abschiebungen,herausstellen,wafa,erweist,ausbildung,iran,asylanwaelte,csuchef,promille,team,beschluss,steuerfinanzierten,stoeren,ebendiesen,pinews,gefaxt,bosnienherzegowina,schulen,anspruch,strafanzeigen,chef,urteilen,schicksal,laendern,zustaende,akten,deutschlands,kontrollen,festen,bizarr,pinews,grenzgebiet,untergekommen,meinung,fluechten,investierte,teile,kuemmert,beschluss,schreiben
grundlage,dezember,fraktion,verdanken,warnt,anerkannten,unterdessen,eindeutig,verschleierte,azubis,geflohen,mansor,mehrere,moeglichen,luis,uebermittelt,anhang,wink,hinweisgeber,urteilsverkuendung,informierte,velika,ausbildung,idee,jamal,gewerkschaft,organisationen,ueberlassen,krieg,abschiebehaftanstalt,ungeklaerten,drittel,oesterreich,bestandteil,ueberraschen,urteilsverkuendung,kilometer,leipzig,kritischen,naechsten,zusammenbruch,krieg,bayrische,uebermittelt,redaktionsnetzwerk
reihe,verfassungsschutzchef,worten,tore,oeffentlichkeit,asylbewerbern,schwere,taeter,identitaet,grosse,bekam,gingen,politiker,strafverhandlung,freundlichen,tunesien,waffenraub,eindeutig,vergewaltigung,oeffentlich,stampministerium,kladusa,schritt,haken,naser,gdp,auffassung,miliz,herrscht,muessten,todesfaellen,aquariusfluechtlinge,angedrohte,hiesigen,auto,oeffentlich,speziell,bamsinformationen,journalisten,bahnhof,ostblocks,geschundenen,abschiebe,tunesien,zitiert
gesetzlichen,hansgeorg,zurecht,justizvollzugsanstalt,konzentriert,taskforce,fehler,ermittelte,meisten,chance,aufenthaltserlaubnis,revision,forderten,zugutekommen,besonnenen,begleitet,einzige,richtung,ermittelt,jungen,auffassung,endgueltig,halten,erfolgt,raub,joerg,teilen,wies,familiennachzug,lueckenlos,dessau,aufzunehmen,schliessung,bevoelkerung,einsatzfahrzeug,jungen,verhinderung,vornherein,nachdenkseiten,schweinfurt,relativ,landes,arbeitsgruppe,begleitet,monat
vorgaben,maassen,fass,oeffnen,rechtspopulismus,landesamt,zugegeben,afghane,ausweispapiere,betrieb,floh,hamburger,ruecktritt,oberstaatsanwalt,eigentlich,bundespolizisten,straftat,zivilen,montag,freiheitsstrafen,gerichtes,stopp,zuletzt,freiwilliger,gefaehrlicher,radek,juristen,aussagen,stark,aufgeklaert,liegen,zeigt,wichtigsten,zeiler,verwechselt,freiheitsstrafen,unterbindung,sozialhilfe,expertise,geschnappt,geringes,stellt,birgit,bundespolizisten,angehoerige
entwickelt,logisch,selbsterniedrigung,demnach,linken,geben,demnach,frueher,prozent,ort,hindukusch,landgericht,seehofers,carsten,azoren,arzt,saechsischsyrischen,rettungsorganisationen,haftbefehl,monaten,laufende,sowohl,schlendrian,basis,koerperverletzung,widersprach,giessener,josefa,eingeschraenkt,notwendig,februar,ngos,brenner,beruecksichtigen,merkels,monaten,unerlaubten,miete,menschenrechtsorganisationen,sitzen,geld,vorruecken,haian,arzt,eingeschraenktem
wohnungsaufsichtsgesetz,herzenssache,boden,sogenannten,radikalisieren,beschleunigte,behoerde,befreundet,halbjahr,fuss,schiiten,flutung,innenminister,rinio,lebt,challenger,muflquartetts,zugriff,erlassen,verurteilt,tunesien,kroatische,chaos,errichtung,drogenbesitz,auffassung,professor,geretteten,grundsaetzlich,schnell,jahres,mittelmeer,verhindert,bislang,gaeste,verurteilt,einreise,abgezogen,stuetzt,mordversuchs,ehemalige,syrischen,besucht,challenger,schutzstatus
berliner,isgeborenen,athener,interventionsgespraechen,demokratische,ausreisen,asylbescheid,aha,identitaetsfindung,fassen,talibanhochburg,multikriminellen,forderungen,haftbefehl,monate,geflogen,mustafa,kriminellen,derzeit,strafen,abbrechen,slowenische,korruption,lagers,diebstahl,verwies,juergen,scheinen,ehepartner,unabhaengigen,schublade,zweifel,fossi,blut,aelter,strafen,bundesgebiet,brigitte,bericht,uhaft,staatsfirmen,regierungsarmee,dschihadisten,geflogen,duerfen
bauordnung,normales,finanzministerium,abkehr,grundordnung,gewalttaetiger,mannes,laeuft,mitwirken,spdinnenexperte,ghazni,derzeit,reagierte,vergewaltigung,portugiesischen,kosten,haltestelle,truppe,mutmassliche,selbstverstaendlich,unterblieb,fangen,kleptokratien,aufnahme,geringwertiger,urteil,bast,vorwuerfe,minderjaehrige,beirat,sonderermittler,stets,betonte,spendeten,renitenter,selbstverstaendlich,kontrollen,laux,un,alaas,vielfaches,dringlicher,muenchen,kosten,union
platzbedarf,sozialisiert,hiess,radikalislamistischem,seiten,randalierender,zunaechst,fahndung,verweigern,burkhard,massiv,ueberlastet,unverstaendnis,erlassen,kollegen,beliefen,schlagring,bewahren,mittaeter,bewaehrung,bord,fast,schwarzen,bestimmten,sachen,bundesgerichtshofs,symposium,retter,eltern,einzurichten,jerzy,einknicken,deutlich,drk,hemmungsloser,bewaehrung,dienen,landratsamt,unhochkommissars,bruder,gewinnen,sieg,idyllischen,beliefen,spd
quadratmetern,notfalls,minister,gedankengut,bedroht,kuemmern,falsche,hochtouren,innenexperte,lischka,bedroht,urteil,sag,haftgrund,frontex,bildinformationen,verletzt,versuchen,tatzeitpunkt,ausgesetzt,abschiebeflugs,berichten,kontinent,mitgliedstaat,koerperverletzung,grenzlinie,evangelischen,bestaetigen,minderjaehrigen,fluechtlingshilfsorganisationen,montag,draengenden,besseren,gemeinsam,brutaler,ausgesetzt,ueberwachung,leipzig,menschenrechte,gestaendig,abwarfen,syrischen,wohnanlage,bildinformationen,koalitionsverhandlungen
einzelne,zunaechst,euklid,bewirkt,deutliche,herrmann,adresse,preisfrage,armin,hoechste,ungewoehnlich,rechtskraeftig,nix,fluchtgefahr,griechenland,exakt,20jaehrige,aufgegriffen,alt,unfassbar,erfuhr,meist,geradezu,verhandlungstaktisch,sachbeschaedigung,ueberschreitet,akademie,italienische,familiennachzug,amnesty,rechtsanwalt,afrikaner,integrationsmoeglichkeiten,heinrichheineuniversitaet,oktober,unfassbar,verbringungsverboten,kosten,bezeichnet,bildreporter,kreise,staatspraesidenten,stadtrand,exakt,verstaendigt
person,muetter,tsakalotos,gerichtssprecherin,worte,ziel,geschickt,verschmaehter,schuster,bereiche,abschiebeverbot,liegt,einfach,neuerliches,stationiert,flug,adel,langem,strafmuendig,junge,abschiebeverbot,grenzfluss,naiv,gesehen,taschendiebstahl,eingereist,berlin,onlineportal,beantragen,international,manfred,kueste,mitteleuropaeischen,duesseldorf,hiess,junge,gesetzlich,unterbringung,situation,besuchten,finanzjongleurs,baschar,angst,flug,monatszahlen
unterbringung,deutschem,bruesseler,zufolge,findet,anerkannte,bescheid,moslem,cdu,unseres,besteht,wiedervorlage,verstehe,urteil,mehrere,begleitung,ala,lager,zeitung,drunter,onlinemedien,glina,idee,einzige,erschleichen,gilt,zurueckweisung,internazionale,eheschliessung,kirchen,noetzel,libyens,laendern,partnern,lagebericht,drunter,zugewiesen,zehnkoepfigen,libyschen,gestern,stoert,alassad,wohnung,begleitung,jahresende
mehrbettzimmer,pass,truppen,pakistani,historiker,bestmoeglich,rechtskraeftig,nachts,brauchen,migrationsrechts,ausnahme,urteil,fluechtling,diebstahls,teammitglieder,dr,ladendetektiv,gesteckt,berichtet,drueber,tunesischem,aufgegriffen,marschallplan,moeglichkeit,leistungen,asylantrag,waere,zitierte,waehrend,vertreten,ehemaliger,duerften,anziehend,projekt,landeskriminalamtes,drueber,bedeutet,gemeinschaftseinrichtung,fluechtlingslagern,alaas,beseitigt,dezember,herausgeworfen,dr,miteinander
quadratmeter,rechtlich,versprochen,haft,prof,integriert,abgelehnt,messer,schaerferes,klar,sohnes,bundesgerichtshof,stadt,waffen,vorher,klaus,netto,regelmaessig,derweil,guten,gewahrsam,handys,minister,naechtlichen,sprecher,pruefen,offensichtlich,aussage,flucht,gespraeche,bayrischer,bestaerkt,wirken,blustarnrw,lka,guten,verhindert,monatlich,menschenrechtskrise,eltern,viktor,ohnehin,paradies,klaus,verrechnet
person,staatsbuergern,fehlenden,unauffaellig,michael,wuerden,trotz,zimmer,ausweisungsrecht,trennen,danials,aufgehoben,hamburg,schwerer,militaerischen,dienelt,bedroht,misshandlungen,berufung,elternhaeusern,wege,weggenommen,entwicklungshilfe,runde,bundesinnenministeriums,eustaat,illegal,gruppe,stattfand,einfuehrung,generalstaatsanwalt,fuehlen,wuerden,gerufen,hamburg,elternhaeusern,einfuhr,betragen,the,sahen,orban,nehmen,duerfen,dienelt,kaemen
sprecherin,ueberhaupt,millionen,tadellos,wolffsohn,bleiberecht,gegenteiligen,ehemaligen,verfahrenstricks,asylrecht,unabhaengig,landgericht,gemeldet,raeuberischer,spezialeinheiten,renommierter,schicke,vergewaltigungen,ermittlerkreise,laeden,moeglicherweise,schmuck,gerd,ueberhaupt,bmi,registriert,vertreter,naechte,familiennachzug,beirats,duerfen,see,perspektive,immigranten,herrschaften,laeden,bestimmten,nebenkosten,situation,kinderzimmer,wirft,gelang,hierbleiben,renommierter,koennten
senatsverwaltung,radikalisierung,kuerzungen,verhalten,eigentlich,verliessen,richterlichen,freundin,nachweisen,unseren,behandelt,zurueckverwiesen,bundeslaender,erpressung,gedient,asylrechtsexperte,auslaender,erschiessungen,minderjaehriger,ausraeumen,rechtswidrigen,geld,mueller,vorweisen,teilte,binnenland,bundesinnenministeriums,hoher,ausgeschlossen,wuerden,studieren,wagen,saehen,regelmaessigen,offenen,ausraeumen,gegenstaenden,enthalten,of,blutflecke,soros,soldaten,anwalt,asylrechtsexperte,september
integration,stattgefunden,auszugleichen,hause,wagenknechtwebsite,rechtsstaat,hinweises,hochinteressant,unmittelbare,schutz,gilt,bemaengelten,fuehren,gefaellt,einsatz,vorsitzender,vorbei,diplomaten,bruder,ehrlichen,forderte,slowenische,csu,niemals,gestern,schaffen,unionsfraktion,see,auswahl,derzeit,juristischen,naechste,hinzu,aderlass,armen,ehrlichen,ua,aehnlich,migrants,waenden,revolutions,einnahme,kaempft,vorsitzender,auswahl
arbeit,bzw,linie,angeblich,superduenne,sinn,teilte,zusammenhang,ausweisung,brauchen,alleinstehender,landgericht,unterstuetzen,unklar,luis,verwaltungsgericht,stechen,auswaertigen,ali,landsleuten,spdinnenpolitiker,schaffen,ziemlich,ungarn,deute,verstaerkten,wiesen,libysche,angehoerigen,gefuehrt,vorgaenge,ngoschiff,rechtsruck,ueberzeugen,empfangen,landsleuten,propagandamittel,studentenwohnheim,libya,teppich,invasionssponsoring,aleppos,mich,verwaltungsgericht,angehoerigen
soziales,aufgrund,ausgaben,pizzeria,suppe,landesamt,zustaendigen,tatsache,folge,verfolgung,zeitpunkt,betracht,bundeslaender,landgericht,bams,darmstadt,ab,amts,bs,baerendienst,burkhard,bus,weltfremd,bruesseler,angaben,einsatz,auffassung,polizisten,humanitaeren,ministeriumssprecher,jalloh,ans,politik,wolle,umgang,baerendienst,verfassungsfeindlicher,moeblierten,is,mutter,umgesattelt,einstigen,propaganda,darmstadt,erfolgt
mindeststandard,alters,fuers,vater,jammerkiste,thomas,auslaenderbehoerde,staatsanwaelte,haben,krieg,ankunft,gezogen,abschiebungen,neu,viererteam,beitrag,akte,nannten,mindestens,erwiesen,lischka,kroatien,schmackhaft,zwang,ort,schleierfahndungen,ablehnung,gekommen,gruenden,schaich,abgeschlossen,ersehnte,gesellschaft,informationen,haeufig,erwiesen,organisationen,unterkunft,human,erzaehlt,zivile,hochburg,video,beitrag,auswaertigem
somit,stattfinden,militaer,arbeitet,jammern,hampel,klage,weisungsgebunden,masche,fliehen,volljaehrig,mansor,muesse,terminiert,faehrt,vorliegt,khaled,bedingungen,vergewaltigung,erklaerte,welt,zurueckgebracht,fass,gebeugt,selbstmord,sonstige,zivilgesellschaftlichen,geschlagen,geschehen,einziger,sachsenanhalts,ziel,donald,darueber,respektlos,erklaerte,verbotene,soziale,rights,biberach,vereine,gegner,erklaerungen,vorliegt,amt
eingehalten,prozent,ruestung,taetig,klagen,spitze,spaet,bedeutet,asylgrund,einwanderungsrecht,asylantrag,raubdelikt,hamburger,mansor,jeweils,punkt,zeigt,lagern,beteiligt,markus,herr,bosnischen,boden,aufnehmen,23jaehrige,intelligente,organisationen,wisse,fallen,zweck,regierungskoalition,bringt,trump,gewinnen,gepraegt,markus,substanzen,grundbetreuung,crisis,paar,getarnte,voelligen,video,punkt,humanitaeren
millionengeschaeft,waehrend,sparen,voraussetzung,leute,ehemals,eingereicht,hauptverantwortung,taufe,fachkraefte,abgelehnt,rein,fragen,rein,hintereinander,auslaenderbehoerde,phaenotypische,kzaehnlich,wiesbaden,urteilsbegruendung,zustaendigkeit,schiessen,rueckblickend,niemals,ankunft,grenzpolizeiliche,treffen,geschah,dauer,abschiebungshaft,cdu,zweifel,inspirierten,blutgruppen,fehlender,urteilsbegruendung,arzneimittel,enthalten,deutlicher,wochen,lobbyorganisationen,befriedung,assads,auslaenderbehoerde,gruenden
wohnungslosen,isbesatzung,helfen,genehmigung,einziges,inspekteur,unrechtmaessigen,wahlverlierer,dreieinigkeitsgemeinde,brauchen,ausreisepflicht,theoretisch,person,theoretischen,raus,rechtswidrig,profil,bislang,ermittlungstaktischen,sachlicher,ausreisepflichtigen,grenzer,gesehen,italiener,fluechtlingsorganisation,handlungsansaetze,ueberlegungen,scheint,trennung,sicherung,spd,entfernt,populistenmotto,zuwanderern,anerkennung,sachlicher,etc,bamfbescheid,auswaertige,verliebt,foerdere,landes,leuten,rechtswidrig,koenne
brummt,geboren,undenkbar,fussfessel,jammertal,bayerischen,wenigen,justizminister,berlinsteglitz,unseren,verhaengt,zuruecktreten,vorgeschlagen,vergewaltigung,naechste,oberverwaltungsgericht,intensivtaeter,staat,gruenden,milde,gefaehrder,luft,fast,zugestimmt,iom,ankerzentren,lager,klar,alter,ausreise,gruenen,innenminister,italy,vertreten,hiesiger,milde,verboten,warten,amt,unverschaemt,regelrechtes,sicherlich,extra,oberverwaltungsgericht,familientrennung
bezirke,bleibt,verfolgt,fixen,waere,betrieb,mutmassliche,guido,mitglieder,wohlstand,katastrophe,moeglicherweise,informationen,14jaehrigen,reihe,nrw,kurzem,ausserhalb,fragen,rechtsstaat,ruecksprache,sagen,massnahmen,aussicht,empfang,verfrachtet,einzurichten,kleinkind,schwere,rechtskraeftig,heftigem,asyleinwanderung,first,ernstfall,werte,rechtsstaat,gruende,hohen,berlin,behauptete,netzwerk,gestrige,geschnitten,nrw,handeln
rechtlich,natuerlich,tsipras,unterkunft,absurd,starten,fruehere,wolf,prozent,zukunft,niemals,abbrechen,zufolge,hamburgerin,meisten,urspruenglichen,ebenfalls,einrichtung,aeussern,bewaehrungen,bundeslaendern,go,europaeer,gestellt,genommen,ausdruecklich,asylbegehren,eintreffen,erkrankungen,abgelehnter,beschlossen,begrenzen,warnten,ersatz,normen,bewaehrungen,luft,leistungen,diplomaten,tochter,sprechern,angriff,wort,urspruenglichen,trennung
pflicht,regierungsseitig,pazifistische,inland,angedeutet,umstrittenen,leibwaechters,cdu,islam,sichern,gelebt,taeter,handelt,gericht,kennen,abschiebeurteil,angebliche,ausschiffungsplattformen,ali,verdient,ziehen,back,unterstuetzung,waere,bildnachfrage,residenzpflicht,einreichen,retter,konkrete,betonte,sternen,csuchef,vereinten,liefern,verhalten,verdient,gegriffen,erhielt,ort,nacktfoto,medien,terrormilz,dschihad,abschiebeurteil,familien
drohender,unbeantwortet,absichten,berufsnachweis,politisch,ankerzentren,osama,liegt,christlichen,fdpvize,bezug,oktober,23jaehrigen,verantworten,luis,tuer,mindestens,bereitgefunden,mord,richtervogel,klare,go,schwarzafrikas,loszuwerden,bestaetigte,vorgesehen,forderten,gestorben,gefaehrdungen,einrichtung,prueft,fluechtlingsmagnet,nationen,krankheitsfaellen,gruppe,richtervogel,zeigt,unklar,berichten,internet,hundert,islamischer,behauptet,tuer,minderjaehrigen
obdachlosigkeit,saeuglinge,stoert,eigentlich,konkret,ebenfalls,laden,weiterer,glauben,wolfgang,gaenzlich,schickte,provinz,vollversorgt,legt,zuschlagen,menschengeschenk,plan,susanna,erwarten,verhaeltnisse,back,verpufft,einzigen,iomsprecherin,rueckfuehrung,unterzeichner,proactiva,herkunftsland,gesichert,generalstaatsanwalt,hochfaehrt,erstmals,einzelfaelle,hochdelinquenten,erwarten,auswertung,landratsamt,internen,gestellt,universitaet,staat,ziel,zuschlagen,kind
